เพศ,ช่วงอายุ/ช่วงวัย,เทศกาล/โอกาสสำคัญ,ความสัมพันธ์,ราคา,คลาสของขวัญ
0,7,13,38.01,500,แม่และเด็ก
0,7,13,38.02,500,แม่และเด็ก
0,7,13,38.03,500,แม่และเด็ก
0,7,13,38.04,500,แม่และเด็ก
0,7,13,38.05,500,แม่และเด็ก
0,7,13,38.06,500,แม่และเด็ก
0,7,24,38.01,500,แม่และเด็ก
0,7,24,38.02,500,แม่และเด็ก
0,7,24,38.03,500,แม่และเด็ก
0,7,24,38.04,500,แม่และเด็ก
0,7,24,38.05,500,แม่และเด็ก
0,7,24,38.06,500,แม่และเด็ก
0,7,25,38.01,500,แม่และเด็ก
0,7,25,38.02,500,แม่และเด็ก
0,7,25,38.03,500,แม่และเด็ก
0,7,25,38.04,500,แม่และเด็ก
0,7,25,38.05,500,แม่และเด็ก
0,7,25,38.06,500,แม่และเด็ก
1,7.1,13,38.01,500,แม่และเด็ก
1,7.1,13,38.02,500,แม่และเด็ก
1,7.1,13,38.03,500,แม่และเด็ก
1,7.1,13,38.04,500,แม่และเด็ก
1,7.1,13,38.05,500,แม่และเด็ก
1,7.1,13,38.06,500,แม่และเด็ก
1,7.1,24,38.01,500,แม่และเด็ก
1,7.1,24,38.02,500,แม่และเด็ก
1,7.1,24,38.03,500,แม่และเด็ก
1,7.1,24,38.04,500,แม่และเด็ก
1,7.1,24,38.05,500,แม่และเด็ก
1,7.1,24,38.06,500,แม่และเด็ก
1,7.1,25,38.01,500,แม่และเด็ก
1,7.1,25,38.02,500,แม่และเด็ก
1,7.1,25,38.03,500,แม่และเด็ก
1,7.1,25,38.04,500,แม่และเด็ก
1,7.1,25,38.05,500,แม่และเด็ก
1,7.1,25,38.06,500,แม่และเด็ก
0,7,13,38.01,1000,แม่และเด็ก
0,7,13,38.02,1000,แม่และเด็ก
0,7,13,38.03,1000,แม่และเด็ก
0,7,13,38.04,1000,แม่และเด็ก
0,7,13,38.05,1000,แม่และเด็ก
0,7,13,38.06,1000,แม่และเด็ก
0,7,24,38.01,1000,แม่และเด็ก
0,7,24,38.02,1000,แม่และเด็ก
0,7,24,38.03,1000,แม่และเด็ก
0,7,24,38.04,1000,แม่และเด็ก
0,7,24,38.05,1000,แม่และเด็ก
0,7,24,38.06,1000,แม่และเด็ก
0,7,25,38.01,1000,แม่และเด็ก
0,7,25,38.02,1000,แม่และเด็ก
0,7,25,38.03,1000,แม่และเด็ก
0,7,25,38.04,1000,แม่และเด็ก
0,7,25,38.05,1000,แม่และเด็ก
0,7,25,38.06,1000,แม่และเด็ก
1,7.1,13,38.01,1000,แม่และเด็ก
1,7.1,13,38.02,1000,แม่และเด็ก
1,7.1,13,38.03,1000,แม่และเด็ก
1,7.1,13,38.04,1000,แม่และเด็ก
1,7.1,13,38.05,1000,แม่และเด็ก
1,7.1,13,38.06,1000,แม่และเด็ก
1,7.1,24,38.01,1000,แม่และเด็ก
1,7.1,24,38.02,1000,แม่และเด็ก
1,7.1,24,38.03,1000,แม่และเด็ก
1,7.1,24,38.04,1000,แม่และเด็ก
1,7.1,24,38.05,1000,แม่และเด็ก
1,7.1,24,38.06,1000,แม่และเด็ก
1,7.1,25,38.01,1000,แม่และเด็ก
1,7.1,25,38.02,1000,แม่และเด็ก
1,7.1,25,38.03,1000,แม่และเด็ก
1,7.1,25,38.04,1000,แม่และเด็ก
1,7.1,25,38.05,1000,แม่และเด็ก
1,7.1,25,38.06,1000,แม่และเด็ก
0,12,13,34.05,800,อาหารเสริมเพื่อสุขภาพ
0,12,13,34.06,800,อาหารเสริมเพื่อสุขภาพ
0,12,13,34.07,800,อาหารเสริมเพื่อสุขภาพ
0,12,24,34.05,800,อาหารเสริมเพื่อสุขภาพ
0,12,24,34.06,800,อาหารเสริมเพื่อสุขภาพ
0,12,24,34.07,800,อาหารเสริมเพื่อสุขภาพ
0,12,22,34.05,800,อาหารเสริมเพื่อสุขภาพ
0,12,22,34.06,800,อาหารเสริมเพื่อสุขภาพ
0,12,22,34.07,800,อาหารเสริมเพื่อสุขภาพ
0,12.1,13,34.05,800,อาหารเสริมเพื่อสุขภาพ
0,12.1,13,34.06,800,อาหารเสริมเพื่อสุขภาพ
0,12.1,13,34.07,800,อาหารเสริมเพื่อสุขภาพ
0,12.1,24,34.05,800,อาหารเสริมเพื่อสุขภาพ
0,12.1,24,34.06,800,อาหารเสริมเพื่อสุขภาพ
0,12.1,24,34.07,800,อาหารเสริมเพื่อสุขภาพ
0,12.1,22,34.05,800,อาหารเสริมเพื่อสุขภาพ
0,12.1,22,34.06,800,อาหารเสริมเพื่อสุขภาพ
0,12.1,22,34.07,800,อาหารเสริมเพื่อสุขภาพ
0.1,12,13,34.05,800,อาหารเสริมเพื่อสุขภาพ
0.1,12,13,34.06,800,อาหารเสริมเพื่อสุขภาพ
0.1,12,13,34.07,800,อาหารเสริมเพื่อสุขภาพ
0.1,12,24,34.05,800,อาหารเสริมเพื่อสุขภาพ
0.1,12,24,34.06,800,อาหารเสริมเพื่อสุขภาพ
0.1,12,24,34.07,800,อาหารเสริมเพื่อสุขภาพ
0.1,12,22,34.05,800,อาหารเสริมเพื่อสุขภาพ
0.1,12,22,34.06,800,อาหารเสริมเพื่อสุขภาพ
0.1,12,22,34.07,800,อาหารเสริมเพื่อสุขภาพ
0.1,12.1,13,34.05,800,อาหารเสริมเพื่อสุขภาพ
0.1,12.1,13,34.06,800,อาหารเสริมเพื่อสุขภาพ
0.1,12.1,13,34.07,800,อาหารเสริมเพื่อสุขภาพ
0.1,12.1,24,34.05,800,อาหารเสริมเพื่อสุขภาพ
0.1,12.1,24,34.06,800,อาหารเสริมเพื่อสุขภาพ
0.1,12.1,24,34.07,800,อาหารเสริมเพื่อสุขภาพ
0.1,12.1,22,34.05,800,อาหารเสริมเพื่อสุขภาพ
0.1,12.1,22,34.06,800,อาหารเสริมเพื่อสุขภาพ
0.1,12.1,22,34.07,800,อาหารเสริมเพื่อสุขภาพ
1,12,13,34.2,2000,อาหารเสริมเพื่อสุขภาพ
1,12,13,34.21,2000,อาหารเสริมเพื่อสุขภาพ
1,12,13,34.22,2000,อาหารเสริมเพื่อสุขภาพ
1,12,24,34.2,2000,อาหารเสริมเพื่อสุขภาพ
1,12,24,34.21,2000,อาหารเสริมเพื่อสุขภาพ
1,12,24,34.22,2000,อาหารเสริมเพื่อสุขภาพ
1,12,22,34.2,2000,อาหารเสริมเพื่อสุขภาพ
1,12,22,34.21,2000,อาหารเสริมเพื่อสุขภาพ
1,12,22,34.22,2000,อาหารเสริมเพื่อสุขภาพ
1,12.1,13,34.2,2000,อาหารเสริมเพื่อสุขภาพ
1,12.1,13,34.21,2000,อาหารเสริมเพื่อสุขภาพ
1,12.1,13,34.22,2000,อาหารเสริมเพื่อสุขภาพ
1,12.1,24,34.2,2000,อาหารเสริมเพื่อสุขภาพ
1,12.1,24,34.21,2000,อาหารเสริมเพื่อสุขภาพ
1,12.1,24,34.22,2000,อาหารเสริมเพื่อสุขภาพ
1,12.1,22,34.2,2000,อาหารเสริมเพื่อสุขภาพ
1,12.1,22,34.21,2000,อาหารเสริมเพื่อสุขภาพ
1,12.1,22,34.22,2000,อาหารเสริมเพื่อสุขภาพ
1.1,12,13,34.2,2000,อาหารเสริมเพื่อสุขภาพ
1.1,12,13,34.21,2000,อาหารเสริมเพื่อสุขภาพ
1.1,12,13,34.22,2000,อาหารเสริมเพื่อสุขภาพ
1.1,12,24,34.2,2000,อาหารเสริมเพื่อสุขภาพ
1.1,12,24,34.21,2000,อาหารเสริมเพื่อสุขภาพ
1.1,12,24,34.22,2000,อาหารเสริมเพื่อสุขภาพ
1.1,12,22,34.2,2000,อาหารเสริมเพื่อสุขภาพ
1.1,12,22,34.21,2000,อาหารเสริมเพื่อสุขภาพ
1.1,12,22,34.22,2000,อาหารเสริมเพื่อสุขภาพ
1.1,12.1,13,34.2,2000,อาหารเสริมเพื่อสุขภาพ
1.1,12.1,13,34.21,2000,อาหารเสริมเพื่อสุขภาพ
1.1,12.1,13,34.22,2000,อาหารเสริมเพื่อสุขภาพ
1.1,12.1,24,34.2,2000,อาหารเสริมเพื่อสุขภาพ
1.1,12.1,24,34.21,2000,อาหารเสริมเพื่อสุขภาพ
1.1,12.1,24,34.22,2000,อาหารเสริมเพื่อสุขภาพ
1.1,12.1,22,34.2,2000,อาหารเสริมเพื่อสุขภาพ
1.1,12.1,22,34.21,2000,อาหารเสริมเพื่อสุขภาพ
1.1,12.1,22,34.22,2000,อาหารเสริมเพื่อสุขภาพ
1,9,13,38.07,1000,อาหารเสริมเพื่อความงาม
1,9,13,39,1000,อาหารเสริมเพื่อความงาม
1,9,13,34.15,1000,อาหารเสริมเพื่อความงาม
1,9,13,34.16,1000,อาหารเสริมเพื่อความงาม
1,9,24,38.07,1000,อาหารเสริมเพื่อความงาม
1,9,24,39,1000,อาหารเสริมเพื่อความงาม
1,9,24,34.15,1000,อาหารเสริมเพื่อความงาม
1,9,24,34.16,1000,อาหารเสริมเพื่อความงาม
1,9,14,39,1000,อาหารเสริมเพื่อความงาม
1,9,18,26,1000,อาหารเสริมเพื่อความงาม
1,9,18,26.02,1000,อาหารเสริมเพื่อความงาม
1,9,13,38.07,1000,อาหารเสริมเพื่อความงาม
1,10,13,39,1000,อาหารเสริมเพื่อความงาม
1,10,13,34.15,1000,อาหารเสริมเพื่อความงาม
1,10,13,34.16,1000,อาหารเสริมเพื่อความงาม
1,10,24,38.07,1000,อาหารเสริมเพื่อความงาม
1,10,24,39,1000,อาหารเสริมเพื่อความงาม
1,10,24,34.22,1000,อาหารเสริมเพื่อความงาม
1,10,24,34.15,1000,อาหารเสริมเพื่อความงาม
1,10,24,34.16,1000,อาหารเสริมเพื่อความงาม
1,10,14,39,1000,อาหารเสริมเพื่อความงาม
1,10,14,26,1000,อาหารเสริมเพื่อความงาม
1,10,18,26,1000,อาหารเสริมเพื่อความงาม
1,10,18,26.02,1000,อาหารเสริมเพื่อความงาม
1,11,13,38.07,1000,อาหารเสริมเพื่อความงาม
1,11,13,39,1000,อาหารเสริมเพื่อความงาม
1,11,13,34.15,1000,อาหารเสริมเพื่อความงาม
1,11,13,34.16,1000,อาหารเสริมเพื่อความงาม
1,11,24,38.07,1000,อาหารเสริมเพื่อความงาม
1,11,24,39,1000,อาหารเสริมเพื่อความงาม
1,11,24,34.22,1000,อาหารเสริมเพื่อความงาม
1,11,24,34.15,1000,อาหารเสริมเพื่อความงาม
1,11,24,34.16,1000,อาหารเสริมเพื่อความงาม
1,11,14,39,1000,อาหารเสริมเพื่อความงาม
1,11,18,26,1000,อาหารเสริมเพื่อความงาม
1,11,18,26.02,1000,อาหารเสริมเพื่อความงาม
1.1,9,13,38.07,5000,อาหารเสริมเพื่อความงาม
1.1,9,13,39,5000,อาหารเสริมเพื่อความงาม
1.1,9,13,34.15,5000,อาหารเสริมเพื่อความงาม
1.1,9,13,34.16,5000,อาหารเสริมเพื่อความงาม
1.1,9,24,38.07,5000,อาหารเสริมเพื่อความงาม
1.1,9,24,39,5000,อาหารเสริมเพื่อความงาม
1.1,9,24,34.22,5000,อาหารเสริมเพื่อความงาม
1.1,9,24,34.15,5000,อาหารเสริมเพื่อความงาม
1.1,9,24,34.16,5000,อาหารเสริมเพื่อความงาม
1.1,9,14,39,5000,อาหารเสริมเพื่อความงาม
1.1,9,18,26,5000,อาหารเสริมเพื่อความงาม
1.1,9,18,26.02,5000,อาหารเสริมเพื่อความงาม
1.1,10,13,38.07,5000,อาหารเสริมเพื่อความงาม
1.1,10,13,39,5000,อาหารเสริมเพื่อความงาม
1.1,10,13,34.15,5000,อาหารเสริมเพื่อความงาม
1.1,10,13,34.16,5000,อาหารเสริมเพื่อความงาม
1.1,10,24,38.07,5000,อาหารเสริมเพื่อความงาม
1.1,10,24,39,5000,อาหารเสริมเพื่อความงาม
1.1,10,24,34.22,5000,อาหารเสริมเพื่อความงาม
1.1,10,24,34.15,5000,อาหารเสริมเพื่อความงาม
1.1,10,24,34.16,5000,อาหารเสริมเพื่อความงาม
1.1,10,14,39,5000,อาหารเสริมเพื่อความงาม
1.1,10,18,26,5000,อาหารเสริมเพื่อความงาม
1.1,10,18,26.02,5000,อาหารเสริมเพื่อความงาม
1.1,11,13,38.07,5000,อาหารเสริมเพื่อความงาม
1.1,11,13,39,5000,อาหารเสริมเพื่อความงาม
1.1,11,13,34.15,5000,อาหารเสริมเพื่อความงาม
1.1,11,13,34.16,5000,อาหารเสริมเพื่อความงาม
1.1,11,24,38.07,5000,อาหารเสริมเพื่อความงาม
1.1,11,24,39,5000,อาหารเสริมเพื่อความงาม
1.1,11,24,34.22,5000,อาหารเสริมเพื่อความงาม
1.1,11,24,34.15,5000,อาหารเสริมเพื่อความงาม
1.1,11,24,34.16,5000,อาหารเสริมเพื่อความงาม
1.1,11,14,39,5000,อาหารเสริมเพื่อความงาม
1.1,11,18,26,5000,อาหารเสริมเพื่อความงาม
1.1,11,18,26.02,5000,อาหารเสริมเพื่อความงาม
1,9,13,39,500,เสื้อผ้าแฟชั่นหญิง
1,9,13,35.04,500,เสื้อผ้าแฟชั่นหญิง
1,9,13,38.04,500,เสื้อผ้าแฟชั่นหญิง
1,9,13,34.16,500,เสื้อผ้าแฟชั่นหญิง
1,9,13,34.17,500,เสื้อผ้าแฟชั่นหญิง
1,9,13,34.15,500,เสื้อผ้าแฟชั่นหญิง
1,9,13,26,500,เสื้อผ้าแฟชั่นหญิง
1,9,13,26.02,500,เสื้อผ้าแฟชั่นหญิง
1,9,24,39,500,เสื้อผ้าแฟชั่นหญิง
1,9,24,35.04,500,เสื้อผ้าแฟชั่นหญิง
1,9,24,38.07,500,เสื้อผ้าแฟชั่นหญิง
1,9,24,34.16,500,เสื้อผ้าแฟชั่นหญิง
1,9,24,34.17,500,เสื้อผ้าแฟชั่นหญิง
1,9,24,34.15,500,เสื้อผ้าแฟชั่นหญิง
1,9,24,26,500,เสื้อผ้าแฟชั่นหญิง
1,9,24,26.02,500,เสื้อผ้าแฟชั่นหญิง
1,9,18,36,500,เสื้อผ้าแฟชั่นหญิง
1,9,18,26.02,500,เสื้อผ้าแฟชั่นหญิง
1,10,13,39,500,เสื้อผ้าแฟชั่นหญิง
1,10,13,35.04,500,เสื้อผ้าแฟชั่นหญิง
1,10,13,38.07,500,เสื้อผ้าแฟชั่นหญิง
1,10,13,34.16,500,เสื้อผ้าแฟชั่นหญิง
1,10,13,34.17,500,เสื้อผ้าแฟชั่นหญิง
1,10,13,34.15,500,เสื้อผ้าแฟชั่นหญิง
1,10,13,26,500,เสื้อผ้าแฟชั่นหญิง
1,10,13,26.02,500,เสื้อผ้าแฟชั่นหญิง
1,10,24,39,500,เสื้อผ้าแฟชั่นหญิง
1,10,24,35.04,500,เสื้อผ้าแฟชั่นหญิง
1,10,24,38.07,500,เสื้อผ้าแฟชั่นหญิง
1,10,24,34.16,500,เสื้อผ้าแฟชั่นหญิง
1,10,24,34.17,500,เสื้อผ้าแฟชั่นหญิง
1,10,24,34.15,500,เสื้อผ้าแฟชั่นหญิง
1,10,24,26,500,เสื้อผ้าแฟชั่นหญิง
1,10,24,26.02,500,เสื้อผ้าแฟชั่นหญิง
1,10,18,26,500,เสื้อผ้าแฟชั่นหญิง
1,10,18,26.02,500,เสื้อผ้าแฟชั่นหญิง
1.1,9,13,39,10000,เสื้อผ้าแฟชั่นหญิง
1.1,9,13,35.04,10000,เสื้อผ้าแฟชั่นหญิง
1.1,9,13,38.07,10000,เสื้อผ้าแฟชั่นหญิง
1.1,9,13,34.16,10000,เสื้อผ้าแฟชั่นหญิง
1.1,9,13,34.17,10000,เสื้อผ้าแฟชั่นหญิง
1.1,9,13,34.15,10000,เสื้อผ้าแฟชั่นหญิง
1.1,9,13,26,10000,เสื้อผ้าแฟชั่นหญิง
1.1,9,13,26.02,10000,เสื้อผ้าแฟชั่นหญิง
1.1,9,24,39,10000,เสื้อผ้าแฟชั่นหญิง
1.1,9,24,35.04,10000,เสื้อผ้าแฟชั่นหญิง
1.1,9,24,38.07,10000,เสื้อผ้าแฟชั่นหญิง
1.1,9,24,34.16,10000,เสื้อผ้าแฟชั่นหญิง
1.1,9,24,34.17,10000,เสื้อผ้าแฟชั่นหญิง
1.1,9,24,34.15,10000,เสื้อผ้าแฟชั่นหญิง
1.1,9,24,26,10000,เสื้อผ้าแฟชั่นหญิง
1.1,9,24,26.02,10000,เสื้อผ้าแฟชั่นหญิง
1.1,9,18,26,10000,เสื้อผ้าแฟชั่นหญิง
1.1,9,18,26.02,10000,เสื้อผ้าแฟชั่นหญิง
1.1,10,13,36,10000,เสื้อผ้าแฟชั่นหญิง
1.1,10,13,35.04,10000,เสื้อผ้าแฟชั่นหญิง
1.1,10,13,38.07,10000,เสื้อผ้าแฟชั่นหญิง
1.1,10,13,34.16,10000,เสื้อผ้าแฟชั่นหญิง
1.1,10,13,34.17,10000,เสื้อผ้าแฟชั่นหญิง
1.1,10,13,34.15,10000,เสื้อผ้าแฟชั่นหญิง
1.1,10,13,26,10000,เสื้อผ้าแฟชั่นหญิง
1.1,10,13,26.02,10000,เสื้อผ้าแฟชั่นหญิง
1.1,10,24,39,10000,เสื้อผ้าแฟชั่นหญิง
1.1,10,24,35.04,10000,เสื้อผ้าแฟชั่นหญิง
1.1,10,24,38.07,10000,เสื้อผ้าแฟชั่นหญิง
1.1,10,24,34.16,10000,เสื้อผ้าแฟชั่นหญิง
1.1,10,24,34.17,10000,เสื้อผ้าแฟชั่นหญิง
1.1,10,24,34.15,10000,เสื้อผ้าแฟชั่นหญิง
1.1,10,24,26,10000,เสื้อผ้าแฟชั่นหญิง
1.1,10,24,26.02,10000,เสื้อผ้าแฟชั่นหญิง
1.1,10,18,26,10000,เสื้อผ้าแฟชั่นหญิง
1.1,10,18,26.02,10000,เสื้อผ้าแฟชั่นหญิง
0,9,13,39,500,เสื้อผ้าแฟชั่นชาย
0,9,13,35.04,500,เสื้อผ้าแฟชั่นชาย
0,9,13,38.01,500,เสื้อผ้าแฟชั่นชาย
0,9,13,34.02,500,เสื้อผ้าแฟชั่นชาย
0,9,13,34.03,500,เสื้อผ้าแฟชั่นชาย
0,9,13,34.01,500,เสื้อผ้าแฟชั่นชาย
0,9,13,26,500,เสื้อผ้าแฟชั่นชาย
0,9,13,26.01,500,เสื้อผ้าแฟชั่นชาย
0,9,24,39,500,เสื้อผ้าแฟชั่นชาย
0,9,24,35.04,500,เสื้อผ้าแฟชั่นชาย
0,9,24,38.01,500,เสื้อผ้าแฟชั่นชาย
0,9,24,34.02,500,เสื้อผ้าแฟชั่นชาย
0,9,24,34.03,500,เสื้อผ้าแฟชั่นชาย
0,9,24,34.01,500,เสื้อผ้าแฟชั่นชาย
0,9,24,26,500,เสื้อผ้าแฟชั่นชาย
0,9,24,26.01,500,เสื้อผ้าแฟชั่นชาย
0,9,18,26,500,เสื้อผ้าแฟชั่นชาย
0,9,18,26.01,500,เสื้อผ้าแฟชั่นชาย
0,10,13,39,500,เสื้อผ้าแฟชั่นชาย
0,10,13,35.04,500,เสื้อผ้าแฟชั่นชาย
0,10,13,38.01,500,เสื้อผ้าแฟชั่นชาย
0,10,13,34.02,500,เสื้อผ้าแฟชั่นชาย
0,10,13,34.03,500,เสื้อผ้าแฟชั่นชาย
0,10,13,34.01,500,เสื้อผ้าแฟชั่นชาย
0,10,13,26,500,เสื้อผ้าแฟชั่นชาย
0,10,13,26.01,500,เสื้อผ้าแฟชั่นชาย
0,10,24,39,500,เสื้อผ้าแฟชั่นชาย
0,10,24,35.04,500,เสื้อผ้าแฟชั่นชาย
0,10,24,38.01,500,เสื้อผ้าแฟชั่นชาย
0,10,24,34.02,500,เสื้อผ้าแฟชั่นชาย
0,10,24,34.03,500,เสื้อผ้าแฟชั่นชาย
0,10,24,34.01,500,เสื้อผ้าแฟชั่นชาย
0,10,24,26,500,เสื้อผ้าแฟชั่นชาย
0,10,24,26.01,500,เสื้อผ้าแฟชั่นชาย
0,10,18,26,500,เสื้อผ้าแฟชั่นชาย
0,10,18,26.01,500,เสื้อผ้าแฟชั่นชาย
0.1,9,13,39,10000,เสื้อผ้าแฟชั่นชาย
0.1,9,13,35.04,10000,เสื้อผ้าแฟชั่นชาย
0.1,9,13,38.01,10000,เสื้อผ้าแฟชั่นชาย
0.1,9,13,34.02,10000,เสื้อผ้าแฟชั่นชาย
0.1,9,13,34.03,10000,เสื้อผ้าแฟชั่นชาย
0.1,9,13,34.01,10000,เสื้อผ้าแฟชั่นชาย
0.1,9,13,26,10000,เสื้อผ้าแฟชั่นชาย
0.1,9,13,26.01,10000,เสื้อผ้าแฟชั่นชาย
0.1,9,24,39,10000,เสื้อผ้าแฟชั่นชาย
0.1,9,24,35.04,10000,เสื้อผ้าแฟชั่นชาย
0.1,9,24,38.01,10000,เสื้อผ้าแฟชั่นชาย
0.1,9,24,34.02,10000,เสื้อผ้าแฟชั่นชาย
0.1,9,24,34.03,10000,เสื้อผ้าแฟชั่นชาย
0.1,9,24,34.01,10000,เสื้อผ้าแฟชั่นชาย
0.1,9,24,26,10000,เสื้อผ้าแฟชั่นชาย
0.1,9,24,26.01,10000,เสื้อผ้าแฟชั่นชาย
0.1,9,18,26,10000,เสื้อผ้าแฟชั่นชาย
0.1,9,18,26.1,10000,เสื้อผ้าแฟชั่นชาย
0.1,10,13,39,10000,เสื้อผ้าแฟชั่นชาย
0.1,10,13,35.04,10000,เสื้อผ้าแฟชั่นชาย
0.1,10,13,38.01,10000,เสื้อผ้าแฟชั่นชาย
0.1,10,13,34.02,10000,เสื้อผ้าแฟชั่นชาย
0.1,10,13,34.03,10000,เสื้อผ้าแฟชั่นชาย
0.1,10,13,34.01,10000,เสื้อผ้าแฟชั่นชาย
0.1,10,13,26,10000,เสื้อผ้าแฟชั่นชาย
0.1,10,13,26.01,10000,เสื้อผ้าแฟชั่นชาย
0.1,10,24,39,10000,เสื้อผ้าแฟชั่นชาย
0.1,10,24,35.04,10000,เสื้อผ้าแฟชั่นชาย
0.1,10,24,38.01,10000,เสื้อผ้าแฟชั่นชาย
0.1,10,24,34.02,10000,เสื้อผ้าแฟชั่นชาย
0.1,10,24,34.03,10000,เสื้อผ้าแฟชั่นชาย
0.1,10,24,34.01,10000,เสื้อผ้าแฟชั่นชาย
0.1,10,24,26,10000,เสื้อผ้าแฟชั่นชาย
0.1,10,24,26.01,10000,เสื้อผ้าแฟชั่นชาย
0.1,10,18,26,10000,เสื้อผ้าแฟชั่นชาย
0.1,10,18,26.01,10000,เสื้อผ้าแฟชั่นชาย
0,9,13,39,30000,รองเท้าผู้ชาย
0,9,13,38.01,30000,รองเท้าผู้ชาย
0,9,13,34.02,30000,รองเท้าผู้ชาย
0,9,13,34.01,30000,รองเท้าผู้ชาย
0,9,13,26,30000,รองเท้าผู้ชาย
0,9,24,39,30000,รองเท้าผู้ชาย
0,9,24,38.01,30000,รองเท้าผู้ชาย
0,9,24,34.02,30000,รองเท้าผู้ชาย
0,9,24,34.01,30000,รองเท้าผู้ชาย
0,9,24,26,30000,รองเท้าผู้ชาย
0,9,18,26,30000,รองเท้าผู้ชาย
0,9,14,39,30000,รองเท้าผู้ชาย
0,10,13,39,30000,รองเท้าผู้ชาย
0,10,13,38.01,30000,รองเท้าผู้ชาย
0,10,13,34.02,30000,รองเท้าผู้ชาย
0,10,13,34.01,30000,รองเท้าผู้ชาย
0,10,13,26,30000,รองเท้าผู้ชาย
0,10,24,39,30000,รองเท้าผู้ชาย
0,10,24,38.01,30000,รองเท้าผู้ชาย
0,10,24,34.02,30000,รองเท้าผู้ชาย
0,10,24,34.01,30000,รองเท้าผู้ชาย
0,10,24,26,30000,รองเท้าผู้ชาย
0,10,18,23,30000,รองเท้าผู้ชาย
0,10,18,26.01,30000,รองเท้าผู้ชาย
0,10,18,26.03,30000,รองเท้าผู้ชาย
0,10,19,39,30000,รองเท้าผู้ชาย
0,10,19,38.01,30000,รองเท้าผู้ชาย
0,10,19,34.02,30000,รองเท้าผู้ชาย
0,10,19,34.01,30000,รองเท้าผู้ชาย
0,10,19,26,30000,รองเท้าผู้ชาย
0,10,14,39,30000,รองเท้าผู้ชาย
0,11,13,39,30000,รองเท้าผู้ชาย
0,11,13,38.01,30000,รองเท้าผู้ชาย
0,11,13,34.02,30000,รองเท้าผู้ชาย
0,11,13,34.01,30000,รองเท้าผู้ชาย
0,11,13,26,30000,รองเท้าผู้ชาย
0,11,13,35.01,30000,รองเท้าผู้ชาย
0,11,13,35.03,30000,รองเท้าผู้ชาย
0,11,13,35.04,30000,รองเท้าผู้ชาย
0,11,13,35.02,30000,รองเท้าผู้ชาย
0,11,24,39,30000,รองเท้าผู้ชาย
0,11,24,38.01,30000,รองเท้าผู้ชาย
0,11,24,34.02,30000,รองเท้าผู้ชาย
0,11,24,34.01,30000,รองเท้าผู้ชาย
0,11,24,26,30000,รองเท้าผู้ชาย
0,11,24,35.01,30000,รองเท้าผู้ชาย
0,11,24,35.03,30000,รองเท้าผู้ชาย
0,11,24,35.04,30000,รองเท้าผู้ชาย
0,11,24,35.02,30000,รองเท้าผู้ชาย
0,11,18,26,30000,รองเท้าผู้ชาย
0,11,18,26.01,30000,รองเท้าผู้ชาย
0,11,18,26.03,30000,รองเท้าผู้ชาย
0,11,15,35.04,30000,รองเท้าผู้ชาย
0,11,14,39,30000,รองเท้าผู้ชาย
0,11,20,26,30000,รองเท้าผู้ชาย
0,11,20,26.01,30000,รองเท้าผู้ชาย
0,11,20,26.03,30000,รองเท้าผู้ชาย
0,11,23,26,30000,รองเท้าผู้ชาย
0,11,23,26.01,30000,รองเท้าผู้ชาย
0,11,23,26.03,30000,รองเท้าผู้ชาย
0,12,13,34.05,1000,รองเท้าผู้ชาย
0,12,13,34.06,1000,รองเท้าผู้ชาย
0,12,13,34.07,1000,รองเท้าผู้ชาย
0,12,24,34.05,1000,รองเท้าผู้ชาย
0,12,24,34.06,1000,รองเท้าผู้ชาย
0,12,24,34.07,1000,รองเท้าผู้ชาย
0,12,22,34.05,1000,รองเท้าผู้ชาย
0,12,22,34.06,1000,รองเท้าผู้ชาย
0,12,22,34.07,1000,รองเท้าผู้ชาย
0,12,22,36.01,1000,รองเท้าผู้ชาย
0,12,22,36.02,1000,รองเท้าผู้ชาย
0,12,22,36.03,1000,รองเท้าผู้ชาย
1,9,13,39,40000,รองเท้าผู้หญิง
1,9,13,38.07,40000,รองเท้าผู้หญิง
1,9,13,34.16,40000,รองเท้าผู้หญิง
1,9,13,34.15,40000,รองเท้าผู้หญิง
1,9,13,26,40000,รองเท้าผู้หญิง
1,9,24,39,40000,รองเท้าผู้หญิง
1,9,24,38.07,40000,รองเท้าผู้หญิง
1,9,24,34.16,40000,รองเท้าผู้หญิง
1,9,24,34.15,40000,รองเท้าผู้หญิง
1,9,24,26,40000,รองเท้าผู้หญิง
1,9,18,26,40000,รองเท้าผู้หญิง
1,9,14,39,40000,รองเท้าผู้หญิง
1,10,13,39,40000,รองเท้าผู้หญิง
1,10,13,38.07,40000,รองเท้าผู้หญิง
1,10,13,34.16,40000,รองเท้าผู้หญิง
1,10,13,34.15,40000,รองเท้าผู้หญิง
1,10,13,26,40000,รองเท้าผู้หญิง
1,10,24,26,40000,รองเท้าผู้หญิง
1,10,24,38.07,40000,รองเท้าผู้หญิง
1,10,24,34.16,40000,รองเท้าผู้หญิง
1,10,24,34.15,40000,รองเท้าผู้หญิง
1,10,24,26,40000,รองเท้าผู้หญิง
1,10,18,26,40000,รองเท้าผู้หญิง
1,10,18,26.02,40000,รองเท้าผู้หญิง
1,10,18,26.03,40000,รองเท้าผู้หญิง
1,10,19,39,40000,รองเท้าผู้หญิง
1,10,19,38.07,40000,รองเท้าผู้หญิง
1,10,19,34.16,40000,รองเท้าผู้หญิง
1,10,19,34.15,40000,รองเท้าผู้หญิง
1,10,19,26,40000,รองเท้าผู้หญิง
1,10,14,39,40000,รองเท้าผู้หญิง
1,11,13,39,40000,รองเท้าผู้หญิง
1,11,13,38.07,40000,รองเท้าผู้หญิง
1,11,13,34.16,40000,รองเท้าผู้หญิง
1,11,13,34.15,40000,รองเท้าผู้หญิง
1,11,13,26,40000,รองเท้าผู้หญิง
1,11,13,35.1,40000,รองเท้าผู้หญิง
1,11,13,35.12,40000,รองเท้าผู้หญิง
1,11,13,34.18,40000,รองเท้าผู้หญิง
1,11,13,35.11,40000,รองเท้าผู้หญิง
1,11,24,39,40000,รองเท้าผู้หญิง
1,11,24,38.07,40000,รองเท้าผู้หญิง
1,11,24,34.16,40000,รองเท้าผู้หญิง
1,11,24,34.15,40000,รองเท้าผู้หญิง
1,11,24,26,40000,รองเท้าผู้หญิง
1,11,24,35.1,40000,รองเท้าผู้หญิง
1,11,24,35.12,40000,รองเท้าผู้หญิง
1,11,24,34.18,40000,รองเท้าผู้หญิง
1,11,24,35.11,40000,รองเท้าผู้หญิง
1,11,18,26,40000,รองเท้าผู้หญิง
1,11,18,26.02,40000,รองเท้าผู้หญิง
1,11,18,26.03,40000,รองเท้าผู้หญิง
1,11,16,34.18,40000,รองเท้าผู้หญิง
1,11,14,39,40000,รองเท้าผู้หญิง
1,11,20,26,40000,รองเท้าผู้หญิง
1,11,20,26.02,40000,รองเท้าผู้หญิง
1,11,20,26.03,40000,รองเท้าผู้หญิง
1,11,23,26,40000,รองเท้าผู้หญิง
1,11,23,26.02,40000,รองเท้าผู้หญิง
1,11,23,26.03,40000,รองเท้าผู้หญิง
1,12,13,34.19,40000,รองเท้าผู้หญิง
1,12,13,34.2,40000,รองเท้าผู้หญิง
1,12,13,34.21,40000,รองเท้าผู้หญิง
1,12,24,34.19,40000,รองเท้าผู้หญิง
1,12,24,34.2,40000,รองเท้าผู้หญิง
1,12,24,34.21,40000,รองเท้าผู้หญิง
1,12,22,34.19,40000,รองเท้าผู้หญิง
1,12,22,34.2,40000,รองเท้าผู้หญิง
1,12,22,34.21,40000,รองเท้าผู้หญิง
1,12,22,36.05,40000,รองเท้าผู้หญิง
1,12,22,36.06,40000,รองเท้าผู้หญิง
1,12,22,36.08,40000,รองเท้าผู้หญิง
0,9,13,39,75000,เครื่องประดับชาย
0,9,13,38.01,75000,เครื่องประดับชาย
0,9,13,34.02,75000,เครื่องประดับชาย
0,9,13,34.01,75000,เครื่องประดับชาย
0,9,13,26,75000,เครื่องประดับชาย
0,9,24,39,75000,เครื่องประดับชาย
0,9,24,38.01,75000,เครื่องประดับชาย
0,9,24,34.02,75000,เครื่องประดับชาย
0,9,24,34.01,75000,เครื่องประดับชาย
0,9,24,26,75000,เครื่องประดับชาย
0,9,18,26,75000,เครื่องประดับชาย
0,9,14,39,75000,เครื่องประดับชาย
0,10,13,39,75000,เครื่องประดับชาย
0,10,13,38.01,75000,เครื่องประดับชาย
0,10,13,34.02,75000,เครื่องประดับชาย
0,10,13,34.01,75000,เครื่องประดับชาย
0,10,13,26,75000,เครื่องประดับชาย
0,10,24,39,75000,เครื่องประดับชาย
0,10,24,38.01,75000,เครื่องประดับชาย
0,10,24,34.02,75000,เครื่องประดับชาย
0,10,24,34.01,75000,เครื่องประดับชาย
0,10,24,26,75000,เครื่องประดับชาย
0,10,18,26,75000,เครื่องประดับชาย
0,10,18,26.01,75000,เครื่องประดับชาย
0,10,18,26.03,75000,เครื่องประดับชาย
0,10,19,39,75000,เครื่องประดับชาย
0,10,19,38.01,75000,เครื่องประดับชาย
0,10,19,34.02,75000,เครื่องประดับชาย
0,10,19,34.01,75000,เครื่องประดับชาย
0,10,19,26,75000,เครื่องประดับชาย
0,10,14,39,75000,เครื่องประดับชาย
0,11,13,39,75000,เครื่องประดับชาย
0,11,13,38.01,75000,เครื่องประดับชาย
0,11,13,34.02,75000,เครื่องประดับชาย
0,11,13,34.01,75000,เครื่องประดับชาย
0,11,13,26,75000,เครื่องประดับชาย
0,11,13,35.01,75000,เครื่องประดับชาย
0,11,13,35.03,75000,เครื่องประดับชาย
0,11,13,34.04,75000,เครื่องประดับชาย
0,11,13,35.02,75000,เครื่องประดับชาย
0,11,24,39,75000,เครื่องประดับชาย
0,11,24,38.01,75000,เครื่องประดับชาย
0,11,24,34.02,75000,เครื่องประดับชาย
0,11,24,34.01,75000,เครื่องประดับชาย
0,11,24,26,75000,เครื่องประดับชาย
0,11,24,35.01,75000,เครื่องประดับชาย
0,11,24,35.03,75000,เครื่องประดับชาย
0,11,24,34.04,75000,เครื่องประดับชาย
0,11,24,35.02,75000,เครื่องประดับชาย
0,11,18,26,75000,เครื่องประดับชาย
0,11,18,26.01,75000,เครื่องประดับชาย
0,11,18,26.03,75000,เครื่องประดับชาย
0,11,15,34.04,75000,เครื่องประดับชาย
0,11,14,39,75000,เครื่องประดับชาย
0,11,20,26,75000,เครื่องประดับชาย
0,11,20,26.01,75000,เครื่องประดับชาย
0,11,20,26.03,75000,เครื่องประดับชาย
0,11,23,26,75000,เครื่องประดับชาย
0,11,23,26.01,75000,เครื่องประดับชาย
0,11,23,26.03,75000,เครื่องประดับชาย
0,9,25,39,75000,เครื่องประดับชาย
0,9,25,38.01,75000,เครื่องประดับชาย
0,9,25,34.02,75000,เครื่องประดับชาย
0,9,25,34.01,75000,เครื่องประดับชาย
0,9,25,26,75000,เครื่องประดับชาย
0,10,25,39,75000,เครื่องประดับชาย
0,10,25,38.01,75000,เครื่องประดับชาย
0,10,25,34.02,75000,เครื่องประดับชาย
0,10,25,34.01,75000,เครื่องประดับชาย
0,10,25,26,75000,เครื่องประดับชาย
0,10,17,39,75000,เครื่องประดับชาย
0,11,17,39,75000,เครื่องประดับชาย
1,9,13,39,100000,เครื่องประดับหญิง
1,9,13,38.07,100000,เครื่องประดับหญิง
1,9,13,34.16,100000,เครื่องประดับหญิง
1,9,13,34.15,100000,เครื่องประดับหญิง
1,9,13,26,100000,เครื่องประดับหญิง
1,9,24,39,100000,เครื่องประดับหญิง
1,9,24,38.07,100000,เครื่องประดับหญิง
1,9,24,34.16,100000,เครื่องประดับหญิง
1,9,24,34.15,100000,เครื่องประดับหญิง
1,9,24,26,100000,เครื่องประดับหญิง
1,9,18,26,100000,เครื่องประดับหญิง
1,9,14,39,100000,เครื่องประดับหญิง
1,10,13,39,100000,เครื่องประดับหญิง
1,10,13,38.07,100000,เครื่องประดับหญิง
1,10,13,34.16,100000,เครื่องประดับหญิง
1,10,13,34.15,100000,เครื่องประดับหญิง
1,10,13,26,100000,เครื่องประดับหญิง
1,10,13,39,100000,เครื่องประดับหญิง
1,10,13,38.07,100000,เครื่องประดับหญิง
1,10,13,34.16,100000,เครื่องประดับหญิง
1,10,13,34.15,100000,เครื่องประดับหญิง
1,10,13,26,100000,เครื่องประดับหญิง
1,10,18,26,100000,เครื่องประดับหญิง
1,10,18,26.02,100000,เครื่องประดับหญิง
1,10,18,26.03,100000,เครื่องประดับหญิง
1,10,19,39,100000,เครื่องประดับหญิง
1,10,19,38.07,100000,เครื่องประดับหญิง
1,10,19,34.16,100000,เครื่องประดับหญิง
1,10,19,34.15,100000,เครื่องประดับหญิง
1,10,19,26,100000,เครื่องประดับหญิง
1,10,14,39,100000,เครื่องประดับหญิง
1,11,13,39,100000,เครื่องประดับหญิง
1,11,13,38.07,100000,เครื่องประดับหญิง
1,11,13,34.16,100000,เครื่องประดับหญิง
1,11,13,34.15,100000,เครื่องประดับหญิง
1,11,13,26,100000,เครื่องประดับหญิง
1,11,13,35.1,100000,เครื่องประดับหญิง
1,11,13,35.12,100000,เครื่องประดับหญิง
1,11,13,34.18,100000,เครื่องประดับหญิง
1,11,13,35.11,100000,เครื่องประดับหญิง
1,11,24,39,100000,เครื่องประดับหญิง
1,11,24,38.07,100000,เครื่องประดับหญิง
1,11,24,34.16,100000,เครื่องประดับหญิง
1,11,24,34.15,100000,เครื่องประดับหญิง
1,11,24,26,100000,เครื่องประดับหญิง
1,11,24,35.1,100000,เครื่องประดับหญิง
1,11,24,35.12,100000,เครื่องประดับหญิง
1,11,24,34.18,100000,เครื่องประดับหญิง
1,11,24,35.11,100000,เครื่องประดับหญิง
1,11,18,26,100000,เครื่องประดับหญิง
1,11,18,26.02,100000,เครื่องประดับหญิง
1,11,18,26.03,100000,เครื่องประดับหญิง
1,11,15,34.18,100000,เครื่องประดับหญิง
1,11,14,39,100000,เครื่องประดับหญิง
1,11,20,26,100000,เครื่องประดับหญิง
1,11,20,26.02,100000,เครื่องประดับหญิง
1,11,20,26.03,100000,เครื่องประดับหญิง
1,11,23,26,100000,เครื่องประดับหญิง
1,11,23,26.02,100000,เครื่องประดับหญิง
1,11,23,26.03,100000,เครื่องประดับหญิง
1,9,25,39,100000,เครื่องประดับหญิง
1,9,25,38.07,100000,เครื่องประดับหญิง
1,9,25,34.16,100000,เครื่องประดับหญิง
1,9,25,34.15,100000,เครื่องประดับหญิง
1,9,25,26,100000,เครื่องประดับหญิง
1,10,25,39,100000,เครื่องประดับหญิง
1,10,25,38.07,100000,เครื่องประดับหญิง
1,10,25,34.16,100000,เครื่องประดับหญิง
1,10,25,34.15,100000,เครื่องประดับหญิง
1,10,25,26,100000,เครื่องประดับหญิง
1,10,17,39,100000,เครื่องประดับหญิง
1,11,17,39,100000,เครื่องประดับหญิง
0,9,13,39,9000,กระเป๋าชาย
0,9,13,38.01,9000,กระเป๋าชาย
0,9,13,34.02,9000,กระเป๋าชาย
0,9,13,34.01,9000,กระเป๋าชาย
0,9,13,26,9000,กระเป๋าชาย
0,9,24,39,9000,กระเป๋าชาย
0,9,24,38.01,9000,กระเป๋าชาย
0,9,24,34.02,9000,กระเป๋าชาย
0,9,24,34.01,9000,กระเป๋าชาย
0,9,24,26,9000,กระเป๋าชาย
0,9,18,26,9000,กระเป๋าชาย
0,9,14,39,9000,กระเป๋าชาย
0,10,13,39,9000,กระเป๋าชาย
0,10,13,38.01,9000,กระเป๋าชาย
0,10,13,34.02,9000,กระเป๋าชาย
0,10,13,34.01,9000,กระเป๋าชาย
0,10,13,26,9000,กระเป๋าชาย
0,10,24,39,9000,กระเป๋าชาย
0,10,24,38.01,9000,กระเป๋าชาย
0,10,24,34.02,9000,กระเป๋าชาย
0,10,24,34.01,9000,กระเป๋าชาย
0,10,24,26,9000,กระเป๋าชาย
0,10,18,26,9000,กระเป๋าชาย
0,10,18,26.01,9000,กระเป๋าชาย
0,10,18,26.03,9000,กระเป๋าชาย
0,10,19,39,9000,กระเป๋าชาย
0,10,19,38.01,9000,กระเป๋าชาย
0,10,19,34.02,9000,กระเป๋าชาย
0,10,19,34.01,9000,กระเป๋าชาย
0,10,19,26,9000,กระเป๋าชาย
0,10,14,39,9000,กระเป๋าชาย
0,11,13,39,9000,กระเป๋าชาย
0,11,13,38.01,9000,กระเป๋าชาย
0,11,13,34.02,9000,กระเป๋าชาย
0,11,13,34.01,9000,กระเป๋าชาย
0,11,13,26,9000,กระเป๋าชาย
0,11,13,35.01,9000,กระเป๋าชาย
0,11,13,35.03,9000,กระเป๋าชาย
0,11,13,34.04,9000,กระเป๋าชาย
0,11,13,35.02,9000,กระเป๋าชาย
0,11,24,39,9000,กระเป๋าชาย
0,11,24,38.01,9000,กระเป๋าชาย
0,11,24,34.02,9000,กระเป๋าชาย
0,11,24,34.01,9000,กระเป๋าชาย
0,11,24,26,9000,กระเป๋าชาย
0,11,24,35.01,9000,กระเป๋าชาย
0,11,24,35.03,9000,กระเป๋าชาย
0,11,24,34.04,9000,กระเป๋าชาย
0,11,24,35.02,9000,กระเป๋าชาย
0,11,18,26,9000,กระเป๋าชาย
0,11,18,26.01,9000,กระเป๋าชาย
0,11,18,26.03,9000,กระเป๋าชาย
0,11,15,34.04,9000,กระเป๋าชาย
0,11,14,39,9000,กระเป๋าชาย
0,11,20,26,9000,กระเป๋าชาย
0,11,20,26.01,9000,กระเป๋าชาย
0,11,20,26.03,9000,กระเป๋าชาย
0,11,23,26,9000,กระเป๋าชาย
0,11,23,26.01,9000,กระเป๋าชาย
0,11,23,26.03,9000,กระเป๋าชาย
0,9,25,39,9000,กระเป๋าชาย
0,9,25,38.01,9000,กระเป๋าชาย
0,9,25,34.02,9000,กระเป๋าชาย
0,9,25,34.01,9000,กระเป๋าชาย
0,9,25,26,9000,กระเป๋าชาย
0,10,25,39,9000,กระเป๋าชาย
0,10,25,38.01,9000,กระเป๋าชาย
0,10,25,34.02,9000,กระเป๋าชาย
0,10,25,34.01,9000,กระเป๋าชาย
0,10,25,26,9000,กระเป๋าชาย
0,10,17,39,9000,กระเป๋าชาย
0,11,17,39,9000,กระเป๋าชาย
0,12,13,34.05,1000,กระเป๋าชาย
0,12,13,34.06,1000,กระเป๋าชาย
0,12,13,34.07,1000,กระเป๋าชาย
0,12,24,34.05,1000,กระเป๋าชาย
0,12,24,34.06,1000,กระเป๋าชาย
0,12,24,34.07,1000,กระเป๋าชาย
0,12,22,34.05,1000,กระเป๋าชาย
0,12,22,34.06,1000,กระเป๋าชาย
0,12,22,34.07,1000,กระเป๋าชาย
0,12,22,36.01,1000,กระเป๋าชาย
0,12,22,36.02,1000,กระเป๋าชาย
0,12,22,36.03,1000,กระเป๋าชาย
1,9,13,39,25000,กระเป๋าหญิง
1,9,13,38.01,25000,กระเป๋าหญิง
1,9,13,34.16,25000,กระเป๋าหญิง
1,9,13,34.15,25000,กระเป๋าหญิง
1,9,13,26,25000,กระเป๋าหญิง
1,9,24,39,25000,กระเป๋าหญิง
1,9,24,38.01,25000,กระเป๋าหญิง
1,9,24,34.16,25000,กระเป๋าหญิง
1,9,24,34.15,25000,กระเป๋าหญิง
1,9,24,26,25000,กระเป๋าหญิง
1,9,18,26,25000,กระเป๋าหญิง
1,9,14,39,25000,กระเป๋าหญิง
1,10,13,39,25000,กระเป๋าหญิง
1,10,13,38.01,25000,กระเป๋าหญิง
1,10,13,34.16,25000,กระเป๋าหญิง
1,10,13,34.15,25000,กระเป๋าหญิง
1,10,13,26,25000,กระเป๋าหญิง
1,10,24,39,25000,กระเป๋าหญิง
1,10,24,38.01,25000,กระเป๋าหญิง
1,10,24,34.16,25000,กระเป๋าหญิง
1,10,24,34.15,25000,กระเป๋าหญิง
1,10,24,26,25000,กระเป๋าหญิง
1,10,18,26,25000,กระเป๋าหญิง
1,10,18,26.02,25000,กระเป๋าหญิง
1,10,18,26.03,25000,กระเป๋าหญิง
1,10,19,39,25000,กระเป๋าหญิง
1,10,19,38.01,25000,กระเป๋าหญิง
1,10,19,34.16,25000,กระเป๋าหญิง
1,10,19,34.15,25000,กระเป๋าหญิง
1,10,19,26,25000,กระเป๋าหญิง
1,10,14,39,25000,กระเป๋าหญิง
1,11,13,39,25000,กระเป๋าหญิง
1,11,13,38.01,25000,กระเป๋าหญิง
1,11,13,34.16,25000,กระเป๋าหญิง
1,11,13,34.15,25000,กระเป๋าหญิง
1,11,13,26,25000,กระเป๋าหญิง
1,11,13,35.1,25000,กระเป๋าหญิง
1,11,13,35.12,25000,กระเป๋าหญิง
1,11,13,34.18,25000,กระเป๋าหญิง
1,11,13,35.11,25000,กระเป๋าหญิง
1,11,24,39,25000,กระเป๋าหญิง
1,11,24,38.01,25000,กระเป๋าหญิง
1,11,24,34.16,25000,กระเป๋าหญิง
1,11,24,34.15,25000,กระเป๋าหญิง
1,11,24,26,25000,กระเป๋าหญิง
1,11,24,35.1,25000,กระเป๋าหญิง
1,11,24,35.12,25000,กระเป๋าหญิง
1,11,24,34.18,25000,กระเป๋าหญิง
1,11,24,35.11,25000,กระเป๋าหญิง
1,11,18,26,25000,กระเป๋าหญิง
1,11,18,26.02,25000,กระเป๋าหญิง
1,11,18,26.03,25000,กระเป๋าหญิง
1,11,15,34.18,25000,กระเป๋าหญิง
1,11,14,39,25000,กระเป๋าหญิง
1,11,20,26,25000,กระเป๋าหญิง
1,11,20,26.02,25000,กระเป๋าหญิง
1,11,20,26.03,25000,กระเป๋าหญิง
1,11,23,26,25000,กระเป๋าหญิง
1,11,23,26.02,25000,กระเป๋าหญิง
1,11,23,26.03,25000,กระเป๋าหญิง
1,9,25,39,25000,กระเป๋าหญิง
1,9,25,38.01,25000,กระเป๋าหญิง
1,9,25,34.16,25000,กระเป๋าหญิง
1,9,25,34.15,25000,กระเป๋าหญิง
1,9,25,26,25000,กระเป๋าหญิง
1,10,25,39,25000,กระเป๋าหญิง
1,10,25,38.01,25000,กระเป๋าหญิง
1,10,25,34.16,25000,กระเป๋าหญิง
1,10,25,34.15,25000,กระเป๋าหญิง
1,10,25,26,25000,กระเป๋าหญิง
1,10,17,39,25000,กระเป๋าหญิง
1,11,17,39,25000,กระเป๋าหญิง
1,12,13,34.19,5500,กระเป๋าหญิง
1,12,13,34.2,5500,กระเป๋าหญิง
1,12,13,34.21,5500,กระเป๋าหญิง
1,12,24,34.19,5500,กระเป๋าหญิง
1,12,24,34.2,5500,กระเป๋าหญิง
1,12,24,34.21,5500,กระเป๋าหญิง
1,12,22,34.19,5500,กระเป๋าหญิง
1,12,22,34.2,5500,กระเป๋าหญิง
1,12,22,34.21,5500,กระเป๋าหญิง
1,12,22,36.05,5500,กระเป๋าหญิง
1,12,22,36.06,5500,กระเป๋าหญิง
1,12,22,36.08,5500,กระเป๋าหญิง
0,9,13,39,55000,กล้องถ่ายรูป
0,9,13,38.01,55000,กล้องถ่ายรูป
0,9,13,34.02,55000,กล้องถ่ายรูป
0,9,13,34.01,55000,กล้องถ่ายรูป
0,9,13,26,55000,กล้องถ่ายรูป
0,9,24,39,55000,กล้องถ่ายรูป
0,9,24,38.01,55000,กล้องถ่ายรูป
0,9,24,34.02,55000,กล้องถ่ายรูป
0,9,24,34.01,55000,กล้องถ่ายรูป
0,9,24,26,55000,กล้องถ่ายรูป
0,9,18,26,55000,กล้องถ่ายรูป
0,9,14,39,55000,กล้องถ่ายรูป
0,10,13,39,55000,กล้องถ่ายรูป
0,10,13,38.01,55000,กล้องถ่ายรูป
0,10,13,34.02,55000,กล้องถ่ายรูป
0,10,13,34.01,55000,กล้องถ่ายรูป
0,10,13,26,55000,กล้องถ่ายรูป
0,10,24,39,55000,กล้องถ่ายรูป
0,10,24,38.01,55000,กล้องถ่ายรูป
0,10,24,34.02,55000,กล้องถ่ายรูป
0,10,24,34.01,55000,กล้องถ่ายรูป
0,10,24,26,55000,กล้องถ่ายรูป
0,10,18,26,55000,กล้องถ่ายรูป
0,10,18,26.01,55000,กล้องถ่ายรูป
0,10,18,26.03,55000,กล้องถ่ายรูป
0,10,19,39,55000,กล้องถ่ายรูป
0,10,19,38.01,55000,กล้องถ่ายรูป
0,10,19,34.02,55000,กล้องถ่ายรูป
0,10,19,34.01,55000,กล้องถ่ายรูป
0,10,19,26,55000,กล้องถ่ายรูป
0,10,14,39,55000,กล้องถ่ายรูป
0,11,13,39,55000,กล้องถ่ายรูป
0,11,13,38.01,55000,กล้องถ่ายรูป
0,11,13,34.02,55000,กล้องถ่ายรูป
0,11,13,34.01,55000,กล้องถ่ายรูป
0,11,13,26,55000,กล้องถ่ายรูป
0,11,13,35.01,55000,กล้องถ่ายรูป
0,11,13,35.03,55000,กล้องถ่ายรูป
0,11,13,34.04,55000,กล้องถ่ายรูป
0,11,13,35.02,55000,กล้องถ่ายรูป
0,11,24,39,55000,กล้องถ่ายรูป
0,11,24,38.01,55000,กล้องถ่ายรูป
0,11,24,34.02,55000,กล้องถ่ายรูป
0,11,24,34.01,55000,กล้องถ่ายรูป
0,11,24,26,55000,กล้องถ่ายรูป
0,11,24,35.01,55000,กล้องถ่ายรูป
0,11,24,35.03,55000,กล้องถ่ายรูป
0,11,24,34.04,55000,กล้องถ่ายรูป
0,11,24,35.02,55000,กล้องถ่ายรูป
0,11,18,26,55000,กล้องถ่ายรูป
0,11,18,26.01,55000,กล้องถ่ายรูป
0,11,18,26.03,55000,กล้องถ่ายรูป
0,11,15,34.04,55000,กล้องถ่ายรูป
0,11,14,39,55000,กล้องถ่ายรูป
0,11,20,26,55000,กล้องถ่ายรูป
0,11,20,26.01,55000,กล้องถ่ายรูป
0,11,20,26.03,55000,กล้องถ่ายรูป
0,11,23,26,55000,กล้องถ่ายรูป
0,11,23,26.01,55000,กล้องถ่ายรูป
0,11,23,26.03,55000,กล้องถ่ายรูป
0,9,25,39,55000,กล้องถ่ายรูป
0,9,25,38.01,55000,กล้องถ่ายรูป
0,9,25,34.02,55000,กล้องถ่ายรูป
0,9,25,34.01,55000,กล้องถ่ายรูป
0,9,25,26,55000,กล้องถ่ายรูป
0,10,25,39,55000,กล้องถ่ายรูป
0,10,25,38.01,55000,กล้องถ่ายรูป
0,10,25,34.02,55000,กล้องถ่ายรูป
0,10,25,34.01,55000,กล้องถ่ายรูป
0,10,25,26,55000,กล้องถ่ายรูป
0,10,17,39,55000,กล้องถ่ายรูป
0,11,17,39,55000,กล้องถ่ายรูป
1,9,13,39,55000,กล้องถ่ายรูป
1,9,13,38.01,55000,กล้องถ่ายรูป
1,9,13,34.16,55000,กล้องถ่ายรูป
1,9,13,34.15,55000,กล้องถ่ายรูป
1,9,13,26,55000,กล้องถ่ายรูป
1,9,24,39,55000,กล้องถ่ายรูป
1,9,24,38.01,55000,กล้องถ่ายรูป
1,9,24,34.16,55000,กล้องถ่ายรูป
1,9,24,34.15,55000,กล้องถ่ายรูป
1,9,24,26,55000,กล้องถ่ายรูป
1,9,18,26,55000,กล้องถ่ายรูป
1,9,14,39,55000,กล้องถ่ายรูป
1,10,13,39,55000,กล้องถ่ายรูป
1,10,13,38.01,55000,กล้องถ่ายรูป
1,10,13,34.16,55000,กล้องถ่ายรูป
1,10,13,34.15,55000,กล้องถ่ายรูป
1,10,13,26,55000,กล้องถ่ายรูป
1,10,24,39,55000,กล้องถ่ายรูป
1,10,24,38.01,55000,กล้องถ่ายรูป
1,10,24,34.16,55000,กล้องถ่ายรูป
1,10,24,34.15,55000,กล้องถ่ายรูป
1,10,24,26,55000,กล้องถ่ายรูป
1,10,18,26,55000,กล้องถ่ายรูป
1,10,18,26.02,55000,กล้องถ่ายรูป
1,10,18,26.03,55000,กล้องถ่ายรูป
1,10,19,39,55000,กล้องถ่ายรูป
1,10,19,38.01,55000,กล้องถ่ายรูป
1,10,19,34.16,55000,กล้องถ่ายรูป
1,10,19,34.15,55000,กล้องถ่ายรูป
1,10,19,26,55000,กล้องถ่ายรูป
1,10,14,39,55000,กล้องถ่ายรูป
1,11,13,39,55000,กล้องถ่ายรูป
1,11,13,38.01,55000,กล้องถ่ายรูป
1,11,13,34.16,55000,กล้องถ่ายรูป
1,11,13,34.15,55000,กล้องถ่ายรูป
1,11,13,26,55000,กล้องถ่ายรูป
1,11,13,35.1,55000,กล้องถ่ายรูป
1,11,13,35.12,55000,กล้องถ่ายรูป
1,11,13,34.18,55000,กล้องถ่ายรูป
1,11,13,35.11,55000,กล้องถ่ายรูป
1,11,24,39,55000,กล้องถ่ายรูป
1,11,24,38.01,55000,กล้องถ่ายรูป
1,11,24,34.16,55000,กล้องถ่ายรูป
1,11,24,34.15,55000,กล้องถ่ายรูป
1,11,24,26,55000,กล้องถ่ายรูป
1,11,24,35.1,55000,กล้องถ่ายรูป
1,11,24,35.12,55000,กล้องถ่ายรูป
1,11,24,34.18,55000,กล้องถ่ายรูป
1,11,24,35.11,55000,กล้องถ่ายรูป
1,11,18,26,55000,กล้องถ่ายรูป
1,11,18,26.02,55000,กล้องถ่ายรูป
1,11,18,26.03,55000,กล้องถ่ายรูป
1,11,15,34.18,55000,กล้องถ่ายรูป
1,11,14,39,55000,กล้องถ่ายรูป
1,11,20,26,55000,กล้องถ่ายรูป
1,11,20,26.02,55000,กล้องถ่ายรูป
1,11,20,26.03,55000,กล้องถ่ายรูป
1,11,23,26,55000,กล้องถ่ายรูป
1,11,23,26.02,55000,กล้องถ่ายรูป
1,11,23,26.03,55000,กล้องถ่ายรูป
1,9,25,39,55000,กล้องถ่ายรูป
1,9,25,38.01,55000,กล้องถ่ายรูป
1,9,25,34.16,55000,กล้องถ่ายรูป
1,9,25,34.15,55000,กล้องถ่ายรูป
1,9,25,26,55000,กล้องถ่ายรูป
1,10,25,39,55000,กล้องถ่ายรูป
1,10,25,38.01,55000,กล้องถ่ายรูป
1,10,25,34.16,55000,กล้องถ่ายรูป
1,10,25,34.15,55000,กล้องถ่ายรูป
1,10,25,26,55000,กล้องถ่ายรูป
1,10,17,39,55000,กล้องถ่ายรูป
1,11,17,39,55000,กล้องถ่ายรูป
1,9,13,39,40000,นาฬิกาผู้หญิง
1,9,13,38.01,40000,นาฬิกาผู้หญิง
1,9,13,34.16,40000,นาฬิกาผู้หญิง
1,9,13,34.15,40000,นาฬิกาผู้หญิง
1,9,13,26,40000,นาฬิกาผู้หญิง
1,9,24,39,40000,นาฬิกาผู้หญิง
1,9,24,38.01,40000,นาฬิกาผู้หญิง
1,9,24,34.16,40000,นาฬิกาผู้หญิง
1,9,24,34.15,40000,นาฬิกาผู้หญิง
1,9,24,26,40000,นาฬิกาผู้หญิง
1,9,18,26,40000,นาฬิกาผู้หญิง
1,9,14,39,40000,นาฬิกาผู้หญิง
1,10,13,39,40000,นาฬิกาผู้หญิง
1,10,13,38.01,40000,นาฬิกาผู้หญิง
1,10,13,34.16,40000,นาฬิกาผู้หญิง
1,10,13,34.15,40000,นาฬิกาผู้หญิง
1,10,13,26,40000,นาฬิกาผู้หญิง
1,10,24,39,40000,นาฬิกาผู้หญิง
1,10,24,38.01,40000,นาฬิกาผู้หญิง
1,10,24,34.16,40000,นาฬิกาผู้หญิง
1,10,24,34.15,40000,นาฬิกาผู้หญิง
1,10,24,26,40000,นาฬิกาผู้หญิง
1,10,18,26,40000,นาฬิกาผู้หญิง
1,10,18,26.02,40000,นาฬิกาผู้หญิง
1,10,18,26.03,40000,นาฬิกาผู้หญิง
1,10,19,39,40000,นาฬิกาผู้หญิง
1,10,19,38.01,40000,นาฬิกาผู้หญิง
1,10,19,34.16,40000,นาฬิกาผู้หญิง
1,10,19,34.15,40000,นาฬิกาผู้หญิง
1,10,19,26,40000,นาฬิกาผู้หญิง
1,10,14,39,40000,นาฬิกาผู้หญิง
1,11,13,39,40000,นาฬิกาผู้หญิง
1,11,13,38.01,40000,นาฬิกาผู้หญิง
1,11,13,34.16,40000,นาฬิกาผู้หญิง
1,11,13,34.15,40000,นาฬิกาผู้หญิง
1,11,13,26,40000,นาฬิกาผู้หญิง
1,11,13,35.1,40000,นาฬิกาผู้หญิง
1,11,13,35.12,40000,นาฬิกาผู้หญิง
1,11,13,34.18,40000,นาฬิกาผู้หญิง
1,11,13,35.11,40000,นาฬิกาผู้หญิง
1,11,24,39,40000,นาฬิกาผู้หญิง
1,11,24,38.01,40000,นาฬิกาผู้หญิง
1,11,24,34.16,40000,นาฬิกาผู้หญิง
1,11,24,34.15,40000,นาฬิกาผู้หญิง
1,11,24,26,40000,นาฬิกาผู้หญิง
1,11,24,35.1,40000,นาฬิกาผู้หญิง
1,11,24,35.12,40000,นาฬิกาผู้หญิง
1,11,24,34.18,40000,นาฬิกาผู้หญิง
1,11,24,35.11,40000,นาฬิกาผู้หญิง
1,11,18,26,40000,นาฬิกาผู้หญิง
1,11,18,26.02,40000,นาฬิกาผู้หญิง
1,11,18,26.03,40000,นาฬิกาผู้หญิง
1,11,15,34.18,40000,นาฬิกาผู้หญิง
1,11,14,39,40000,นาฬิกาผู้หญิง
1,11,20,26,40000,นาฬิกาผู้หญิง
1,11,20,26.02,40000,นาฬิกาผู้หญิง
1,11,20,26.03,40000,นาฬิกาผู้หญิง
1,11,23,26,40000,นาฬิกาผู้หญิง
1,11,23,26.02,40000,นาฬิกาผู้หญิง
1,11,23,26.03,40000,นาฬิกาผู้หญิง
1,9,25,39,40000,นาฬิกาผู้หญิง
1,9,25,38.01,40000,นาฬิกาผู้หญิง
1,9,25,34.16,40000,นาฬิกาผู้หญิง
1,9,25,34.15,40000,นาฬิกาผู้หญิง
1,9,25,26,40000,นาฬิกาผู้หญิง
1,10,25,39,40000,นาฬิกาผู้หญิง
1,10,25,38.01,40000,นาฬิกาผู้หญิง
1,10,25,34.16,40000,นาฬิกาผู้หญิง
1,10,25,34.15,40000,นาฬิกาผู้หญิง
1,10,25,26,40000,นาฬิกาผู้หญิง
1,10,17,39,40000,นาฬิกาผู้หญิง
1,11,17,39,40000,นาฬิกาผู้หญิง
1,12,13,34.19,3000,นาฬิกาผู้หญิง
1,12,13,34.2,3000,นาฬิกาผู้หญิง
1,12,13,34.21,3000,นาฬิกาผู้หญิง
1,12,24,34.19,3000,นาฬิกาผู้หญิง
1,12,24,34.2,3000,นาฬิกาผู้หญิง
1,12,24,34.21,3000,นาฬิกาผู้หญิง
1,12,22,34.19,3000,นาฬิกาผู้หญิง
1,12,22,34.2,3000,นาฬิกาผู้หญิง
1,12,22,34.21,3000,นาฬิกาผู้หญิง
1,12,22,36.05,3000,นาฬิกาผู้หญิง
1,12,22,36.06,3000,นาฬิกาผู้หญิง
1,12,22,36.08,3000,นาฬิกาผู้หญิง
0,9,13,39,70000,นาฬิกาผู้ชาย
0,9,13,38.01,70000,นาฬิกาผู้ชาย
0,9,13,34.02,70000,นาฬิกาผู้ชาย
0,9,13,34.01,70000,นาฬิกาผู้ชาย
0,9,13,26,70000,นาฬิกาผู้ชาย
0,9,24,39,70000,นาฬิกาผู้ชาย
0,9,24,38.01,70000,นาฬิกาผู้ชาย
0,9,24,34.02,70000,นาฬิกาผู้ชาย
0,9,24,34.01,70000,นาฬิกาผู้ชาย
0,9,24,26,70000,นาฬิกาผู้ชาย
0,9,18,26,70000,นาฬิกาผู้ชาย
0,9,14,39,70000,นาฬิกาผู้ชาย
0,10,13,39,70000,นาฬิกาผู้ชาย
0,10,13,38.01,70000,นาฬิกาผู้ชาย
0,10,13,34.02,70000,นาฬิกาผู้ชาย
0,10,13,34.01,70000,นาฬิกาผู้ชาย
0,10,13,26,70000,นาฬิกาผู้ชาย
0,10,24,39,70000,นาฬิกาผู้ชาย
0,10,24,38.01,70000,นาฬิกาผู้ชาย
0,10,24,34.02,70000,นาฬิกาผู้ชาย
0,10,24,34.01,70000,นาฬิกาผู้ชาย
0,10,24,26,70000,นาฬิกาผู้ชาย
0,10,18,26,70000,นาฬิกาผู้ชาย
0,10,18,26.01,70000,นาฬิกาผู้ชาย
0,10,18,26.03,70000,นาฬิกาผู้ชาย
0,10,19,39,70000,นาฬิกาผู้ชาย
0,10,19,38.01,70000,นาฬิกาผู้ชาย
0,10,19,34.02,70000,นาฬิกาผู้ชาย
0,10,19,34.01,70000,นาฬิกาผู้ชาย
0,10,19,26,70000,นาฬิกาผู้ชาย
0,10,14,39,70000,นาฬิกาผู้ชาย
0,11,13,39,70000,นาฬิกาผู้ชาย
0,11,13,38.01,70000,นาฬิกาผู้ชาย
0,11,13,34.02,70000,นาฬิกาผู้ชาย
0,11,13,34.01,70000,นาฬิกาผู้ชาย
0,11,13,26,70000,นาฬิกาผู้ชาย
0,11,13,35.01,70000,นาฬิกาผู้ชาย
0,11,13,35.03,70000,นาฬิกาผู้ชาย
0,11,13,34.04,70000,นาฬิกาผู้ชาย
0,11,13,35.02,70000,นาฬิกาผู้ชาย
0,11,24,39,70000,นาฬิกาผู้ชาย
0,11,24,38.01,70000,นาฬิกาผู้ชาย
0,11,24,34.02,70000,นาฬิกาผู้ชาย
0,11,24,34.01,70000,นาฬิกาผู้ชาย
0,11,24,26,70000,นาฬิกาผู้ชาย
0,11,24,35.01,70000,นาฬิกาผู้ชาย
0,11,24,35.03,70000,นาฬิกาผู้ชาย
0,11,24,34.04,70000,นาฬิกาผู้ชาย
0,11,24,35.02,70000,นาฬิกาผู้ชาย
0,11,18,26,70000,นาฬิกาผู้ชาย
0,11,18,26.01,70000,นาฬิกาผู้ชาย
0,11,18,26.03,70000,นาฬิกาผู้ชาย
0,11,15,34.04,70000,นาฬิกาผู้ชาย
0,11,14,39,70000,นาฬิกาผู้ชาย
0,11,20,26,70000,นาฬิกาผู้ชาย
0,11,20,26.01,70000,นาฬิกาผู้ชาย
0,11,20,26.03,70000,นาฬิกาผู้ชาย
0,11,23,26,70000,นาฬิกาผู้ชาย
0,11,23,26.01,70000,นาฬิกาผู้ชาย
0,11,23,26.03,70000,นาฬิกาผู้ชาย
0,9,25,39,70000,นาฬิกาผู้ชาย
0,9,25,38.01,70000,นาฬิกาผู้ชาย
0,9,25,34.02,70000,นาฬิกาผู้ชาย
0,9,25,34.01,70000,นาฬิกาผู้ชาย
0,9,25,26,70000,นาฬิกาผู้ชาย
0,10,25,39,70000,นาฬิกาผู้ชาย
0,10,25,38.01,70000,นาฬิกาผู้ชาย
0,10,25,34.02,70000,นาฬิกาผู้ชาย
0,10,25,34.01,70000,นาฬิกาผู้ชาย
0,10,25,26,70000,นาฬิกาผู้ชาย
0,10,17,39,70000,นาฬิกาผู้ชาย
0,11,17,39,70000,นาฬิกาผู้ชาย
0,12,13,34.05,4000,นาฬิกาผู้ชาย
0,12,13,34.06,4000,นาฬิกาผู้ชาย
0,12,13,34.07,4000,นาฬิกาผู้ชาย
0,12,24,34.05,4000,นาฬิกาผู้ชาย
0,12,24,34.06,4000,นาฬิกาผู้ชาย
0,12,24,34.07,4000,นาฬิกาผู้ชาย
0,12,22,34.05,4000,นาฬิกาผู้ชาย
0,12,22,34.06,4000,นาฬิกาผู้ชาย
0,12,22,34.07,4000,นาฬิกาผู้ชาย
0,12,22,36.01,4000,นาฬิกาผู้ชาย
0,12,22,36.02,4000,นาฬิกาผู้ชาย
0,12,22,36.03,4000,นาฬิกาผู้ชาย
0,9,13,39,80000,แล็ปท๊อปและคอมตั้งโต๊ะ
0,9,13,38.01,80000,แล็ปท๊อปและคอมตั้งโต๊ะ
0,9,13,34.02,80000,แล็ปท๊อปและคอมตั้งโต๊ะ
0,9,13,34.01,80000,แล็ปท๊อปและคอมตั้งโต๊ะ
0,9,13,26,80000,แล็ปท๊อปและคอมตั้งโต๊ะ
0,9,24,39,80000,แล็ปท๊อปและคอมตั้งโต๊ะ
0,9,24,38.01,80000,แล็ปท๊อปและคอมตั้งโต๊ะ
0,9,24,34.02,80000,แล็ปท๊อปและคอมตั้งโต๊ะ
0,9,24,34.01,80000,แล็ปท๊อปและคอมตั้งโต๊ะ
0,9,24,26,80000,แล็ปท๊อปและคอมตั้งโต๊ะ
0,9,18,26,80000,แล็ปท๊อปและคอมตั้งโต๊ะ
0,9,14,39,80000,แล็ปท๊อปและคอมตั้งโต๊ะ
0,10,13,39,80000,แล็ปท๊อปและคอมตั้งโต๊ะ
0,10,13,38.01,80000,แล็ปท๊อปและคอมตั้งโต๊ะ
0,10,13,34.02,80000,แล็ปท๊อปและคอมตั้งโต๊ะ
0,10,13,34.01,80000,แล็ปท๊อปและคอมตั้งโต๊ะ
0,10,13,26,80000,แล็ปท๊อปและคอมตั้งโต๊ะ
0,10,24,39,80000,แล็ปท๊อปและคอมตั้งโต๊ะ
0,10,24,38.01,80000,แล็ปท๊อปและคอมตั้งโต๊ะ
0,10,24,34.02,80000,แล็ปท๊อปและคอมตั้งโต๊ะ
0,10,24,34.01,80000,แล็ปท๊อปและคอมตั้งโต๊ะ
0,10,24,26,80000,แล็ปท๊อปและคอมตั้งโต๊ะ
0,10,18,26,80000,แล็ปท๊อปและคอมตั้งโต๊ะ
0,10,18,26.01,80000,แล็ปท๊อปและคอมตั้งโต๊ะ
0,10,18,26.03,80000,แล็ปท๊อปและคอมตั้งโต๊ะ
0,10,19,39,80000,แล็ปท๊อปและคอมตั้งโต๊ะ
0,10,19,38.01,80000,แล็ปท๊อปและคอมตั้งโต๊ะ
0,10,19,34.02,80000,แล็ปท๊อปและคอมตั้งโต๊ะ
0,10,19,34.01,80000,แล็ปท๊อปและคอมตั้งโต๊ะ
0,10,19,26,80000,แล็ปท๊อปและคอมตั้งโต๊ะ
0,10,14,39,80000,แล็ปท๊อปและคอมตั้งโต๊ะ
0,11,13,39,80000,แล็ปท๊อปและคอมตั้งโต๊ะ
0,11,13,38.01,80000,แล็ปท๊อปและคอมตั้งโต๊ะ
0,11,13,34.02,80000,แล็ปท๊อปและคอมตั้งโต๊ะ
0,11,13,34.01,80000,แล็ปท๊อปและคอมตั้งโต๊ะ
0,11,13,26,80000,แล็ปท๊อปและคอมตั้งโต๊ะ
0,11,13,35.01,80000,แล็ปท๊อปและคอมตั้งโต๊ะ
0,11,13,35.03,80000,แล็ปท๊อปและคอมตั้งโต๊ะ
0,11,13,34.04,80000,แล็ปท๊อปและคอมตั้งโต๊ะ
0,11,13,35.02,80000,แล็ปท๊อปและคอมตั้งโต๊ะ
0,11,24,39,80000,แล็ปท๊อปและคอมตั้งโต๊ะ
0,11,24,38.01,80000,แล็ปท๊อปและคอมตั้งโต๊ะ
0,11,24,34.02,80000,แล็ปท๊อปและคอมตั้งโต๊ะ
0,11,24,34.01,80000,แล็ปท๊อปและคอมตั้งโต๊ะ
0,11,24,26,80000,แล็ปท๊อปและคอมตั้งโต๊ะ
0,11,24,35.01,80000,แล็ปท๊อปและคอมตั้งโต๊ะ
0,11,24,35.03,80000,แล็ปท๊อปและคอมตั้งโต๊ะ
0,11,24,34.04,80000,แล็ปท๊อปและคอมตั้งโต๊ะ
0,11,24,35.02,80000,แล็ปท๊อปและคอมตั้งโต๊ะ
0,11,18,26,80000,แล็ปท๊อปและคอมตั้งโต๊ะ
0,11,18,26.01,80000,แล็ปท๊อปและคอมตั้งโต๊ะ
0,11,18,26.03,80000,แล็ปท๊อปและคอมตั้งโต๊ะ
0,11,15,34.04,80000,แล็ปท๊อปและคอมตั้งโต๊ะ
0,11,14,39,80000,แล็ปท๊อปและคอมตั้งโต๊ะ
0,11,20,26,80000,แล็ปท๊อปและคอมตั้งโต๊ะ
0,11,20,26.01,80000,แล็ปท๊อปและคอมตั้งโต๊ะ
0,11,20,26.03,80000,แล็ปท๊อปและคอมตั้งโต๊ะ
0,11,23,26,80000,แล็ปท๊อปและคอมตั้งโต๊ะ
0,11,23,26.01,80000,แล็ปท๊อปและคอมตั้งโต๊ะ
0,11,23,26.03,80000,แล็ปท๊อปและคอมตั้งโต๊ะ
0,9,25,39,80000,แล็ปท๊อปและคอมตั้งโต๊ะ
0,9,25,38.01,80000,แล็ปท๊อปและคอมตั้งโต๊ะ
0,9,25,34.02,80000,แล็ปท๊อปและคอมตั้งโต๊ะ
0,9,25,34.01,80000,แล็ปท๊อปและคอมตั้งโต๊ะ
0,9,25,26,80000,แล็ปท๊อปและคอมตั้งโต๊ะ
0,10,25,39,80000,แล็ปท๊อปและคอมตั้งโต๊ะ
0,10,25,38.01,80000,แล็ปท๊อปและคอมตั้งโต๊ะ
0,10,25,34.02,80000,แล็ปท๊อปและคอมตั้งโต๊ะ
0,10,25,34.01,80000,แล็ปท๊อปและคอมตั้งโต๊ะ
0,10,25,26,80000,แล็ปท๊อปและคอมตั้งโต๊ะ
0,10,17,39,80000,แล็ปท๊อปและคอมตั้งโต๊ะ
0,11,17,39,80000,แล็ปท๊อปและคอมตั้งโต๊ะ
1,9,13,39,80000,แล็ปท๊อปและคอมตั้งโต๊ะ
1,9,13,38.01,80000,แล็ปท๊อปและคอมตั้งโต๊ะ
1,9,13,34.16,80000,แล็ปท๊อปและคอมตั้งโต๊ะ
1,9,13,34.15,80000,แล็ปท๊อปและคอมตั้งโต๊ะ
1,9,13,26,80000,แล็ปท๊อปและคอมตั้งโต๊ะ
1,9,24,39,80000,แล็ปท๊อปและคอมตั้งโต๊ะ
1,9,24,38.01,80000,แล็ปท๊อปและคอมตั้งโต๊ะ
1,9,24,34.16,80000,แล็ปท๊อปและคอมตั้งโต๊ะ
1,9,24,34.15,80000,แล็ปท๊อปและคอมตั้งโต๊ะ
1,9,24,26,80000,แล็ปท๊อปและคอมตั้งโต๊ะ
1,9,18,26,80000,แล็ปท๊อปและคอมตั้งโต๊ะ
1,9,14,39,80000,แล็ปท๊อปและคอมตั้งโต๊ะ
1,10,13,39,80000,แล็ปท๊อปและคอมตั้งโต๊ะ
1,10,13,38.01,80000,แล็ปท๊อปและคอมตั้งโต๊ะ
1,10,13,34.16,80000,แล็ปท๊อปและคอมตั้งโต๊ะ
1,10,13,34.15,80000,แล็ปท๊อปและคอมตั้งโต๊ะ
1,10,13,26,80000,แล็ปท๊อปและคอมตั้งโต๊ะ
1,10,24,39,80000,แล็ปท๊อปและคอมตั้งโต๊ะ
1,10,24,38.01,80000,แล็ปท๊อปและคอมตั้งโต๊ะ
1,10,24,34.16,80000,แล็ปท๊อปและคอมตั้งโต๊ะ
1,10,24,34.15,80000,แล็ปท๊อปและคอมตั้งโต๊ะ
1,10,24,26,80000,แล็ปท๊อปและคอมตั้งโต๊ะ
1,10,18,26,80000,แล็ปท๊อปและคอมตั้งโต๊ะ
1,10,18,26.02,80000,แล็ปท๊อปและคอมตั้งโต๊ะ
1,10,18,26.03,80000,แล็ปท๊อปและคอมตั้งโต๊ะ
1,10,19,39,80000,แล็ปท๊อปและคอมตั้งโต๊ะ
1,10,19,38.01,80000,แล็ปท๊อปและคอมตั้งโต๊ะ
1,10,19,34.16,80000,แล็ปท๊อปและคอมตั้งโต๊ะ
1,10,19,34.15,80000,แล็ปท๊อปและคอมตั้งโต๊ะ
1,10,19,26,80000,แล็ปท๊อปและคอมตั้งโต๊ะ
1,10,14,39,80000,แล็ปท๊อปและคอมตั้งโต๊ะ
1,11,13,39,80000,แล็ปท๊อปและคอมตั้งโต๊ะ
1,11,13,38.01,80000,แล็ปท๊อปและคอมตั้งโต๊ะ
1,11,13,34.16,80000,แล็ปท๊อปและคอมตั้งโต๊ะ
1,11,13,34.15,80000,แล็ปท๊อปและคอมตั้งโต๊ะ
1,11,13,26,80000,แล็ปท๊อปและคอมตั้งโต๊ะ
1,11,13,35.1,80000,แล็ปท๊อปและคอมตั้งโต๊ะ
1,11,13,35.12,80000,แล็ปท๊อปและคอมตั้งโต๊ะ
1,11,13,34.18,80000,แล็ปท๊อปและคอมตั้งโต๊ะ
1,11,13,35.11,80000,แล็ปท๊อปและคอมตั้งโต๊ะ
1,11,24,39,80000,แล็ปท๊อปและคอมตั้งโต๊ะ
1,11,24,38.01,80000,แล็ปท๊อปและคอมตั้งโต๊ะ
1,11,24,34.16,80000,แล็ปท๊อปและคอมตั้งโต๊ะ
1,11,24,34.15,80000,แล็ปท๊อปและคอมตั้งโต๊ะ
1,11,24,26,80000,แล็ปท๊อปและคอมตั้งโต๊ะ
1,11,24,35.1,80000,แล็ปท๊อปและคอมตั้งโต๊ะ
1,11,24,35.12,80000,แล็ปท๊อปและคอมตั้งโต๊ะ
1,11,24,34.18,80000,แล็ปท๊อปและคอมตั้งโต๊ะ
1,11,24,35.11,80000,แล็ปท๊อปและคอมตั้งโต๊ะ
1,11,18,26,80000,แล็ปท๊อปและคอมตั้งโต๊ะ
1,11,18,26.02,80000,แล็ปท๊อปและคอมตั้งโต๊ะ
1,11,18,26.03,80000,แล็ปท๊อปและคอมตั้งโต๊ะ
1,11,15,34.18,80000,แล็ปท๊อปและคอมตั้งโต๊ะ
1,11,14,39,80000,แล็ปท๊อปและคอมตั้งโต๊ะ
1,11,20,26,80000,แล็ปท๊อปและคอมตั้งโต๊ะ
1,11,20,26.02,80000,แล็ปท๊อปและคอมตั้งโต๊ะ
1,11,20,26.03,80000,แล็ปท๊อปและคอมตั้งโต๊ะ
1,11,23,26,80000,แล็ปท๊อปและคอมตั้งโต๊ะ
1,11,23,26.02,80000,แล็ปท๊อปและคอมตั้งโต๊ะ
1,11,23,26.03,80000,แล็ปท๊อปและคอมตั้งโต๊ะ
1,9,25,39,80000,แล็ปท๊อปและคอมตั้งโต๊ะ
1,9,25,38.01,80000,แล็ปท๊อปและคอมตั้งโต๊ะ
1,9,25,34.16,80000,แล็ปท๊อปและคอมตั้งโต๊ะ
1,9,25,34.15,80000,แล็ปท๊อปและคอมตั้งโต๊ะ
1,9,25,26,80000,แล็ปท๊อปและคอมตั้งโต๊ะ
1,10,25,39,80000,แล็ปท๊อปและคอมตั้งโต๊ะ
1,10,25,38.01,80000,แล็ปท๊อปและคอมตั้งโต๊ะ
1,10,25,34.16,80000,แล็ปท๊อปและคอมตั้งโต๊ะ
1,10,25,34.15,80000,แล็ปท๊อปและคอมตั้งโต๊ะ
1,10,25,26,80000,แล็ปท๊อปและคอมตั้งโต๊ะ
1,10,17,39,80000,แล็ปท๊อปและคอมตั้งโต๊ะ
1,11,17,39,80000,แล็ปท๊อปและคอมตั้งโต๊ะ
0,9,13,39,56000,โทรศัพท์มือถือและอุปกรณ์เสริม
0,9,13,38.01,56000,โทรศัพท์มือถือและอุปกรณ์เสริม
0,9,13,34.02,56000,โทรศัพท์มือถือและอุปกรณ์เสริม
0,9,13,34.01,56000,โทรศัพท์มือถือและอุปกรณ์เสริม
0,9,13,26,56000,โทรศัพท์มือถือและอุปกรณ์เสริม
0,9,24,39,56000,โทรศัพท์มือถือและอุปกรณ์เสริม
0,9,24,38.01,56000,โทรศัพท์มือถือและอุปกรณ์เสริม
0,9,24,34.02,56000,โทรศัพท์มือถือและอุปกรณ์เสริม
0,9,24,34.01,56000,โทรศัพท์มือถือและอุปกรณ์เสริม
0,9,24,26,56000,โทรศัพท์มือถือและอุปกรณ์เสริม
0,9,18,26,56000,โทรศัพท์มือถือและอุปกรณ์เสริม
0,9,14,39,56000,โทรศัพท์มือถือและอุปกรณ์เสริม
0,10,13,39,56000,โทรศัพท์มือถือและอุปกรณ์เสริม
0,10,13,38.01,56000,โทรศัพท์มือถือและอุปกรณ์เสริม
0,10,13,34.02,56000,โทรศัพท์มือถือและอุปกรณ์เสริม
0,10,13,34.01,56000,โทรศัพท์มือถือและอุปกรณ์เสริม
0,10,13,26,56000,โทรศัพท์มือถือและอุปกรณ์เสริม
0,10,24,39,56000,โทรศัพท์มือถือและอุปกรณ์เสริม
0,10,24,38.01,56000,โทรศัพท์มือถือและอุปกรณ์เสริม
0,10,24,34.02,56000,โทรศัพท์มือถือและอุปกรณ์เสริม
0,10,24,34.01,56000,โทรศัพท์มือถือและอุปกรณ์เสริม
0,10,24,26,56000,โทรศัพท์มือถือและอุปกรณ์เสริม
0,10,18,26,56000,โทรศัพท์มือถือและอุปกรณ์เสริม
0,10,18,26.01,56000,โทรศัพท์มือถือและอุปกรณ์เสริม
0,10,18,26.03,56000,โทรศัพท์มือถือและอุปกรณ์เสริม
0,10,19,39,56000,โทรศัพท์มือถือและอุปกรณ์เสริม
0,10,19,38.01,56000,โทรศัพท์มือถือและอุปกรณ์เสริม
0,10,19,34.02,56000,โทรศัพท์มือถือและอุปกรณ์เสริม
0,10,19,34.01,56000,โทรศัพท์มือถือและอุปกรณ์เสริม
0,10,19,26,56000,โทรศัพท์มือถือและอุปกรณ์เสริม
0,10,14,39,56000,โทรศัพท์มือถือและอุปกรณ์เสริม
0,11,13,39,56000,โทรศัพท์มือถือและอุปกรณ์เสริม
0,11,13,38.01,56000,โทรศัพท์มือถือและอุปกรณ์เสริม
0,11,13,34.02,56000,โทรศัพท์มือถือและอุปกรณ์เสริม
0,11,13,34.01,56000,โทรศัพท์มือถือและอุปกรณ์เสริม
0,11,13,26,56000,โทรศัพท์มือถือและอุปกรณ์เสริม
0,11,13,35.01,56000,โทรศัพท์มือถือและอุปกรณ์เสริม
0,11,13,35.03,56000,โทรศัพท์มือถือและอุปกรณ์เสริม
0,11,13,34.04,56000,โทรศัพท์มือถือและอุปกรณ์เสริม
0,11,13,35.02,56000,โทรศัพท์มือถือและอุปกรณ์เสริม
0,11,24,39,56000,โทรศัพท์มือถือและอุปกรณ์เสริม
0,11,24,38.01,56000,โทรศัพท์มือถือและอุปกรณ์เสริม
0,11,24,34.02,56000,โทรศัพท์มือถือและอุปกรณ์เสริม
0,11,24,34.01,56000,โทรศัพท์มือถือและอุปกรณ์เสริม
0,11,24,26,56000,โทรศัพท์มือถือและอุปกรณ์เสริม
0,11,24,35.01,56000,โทรศัพท์มือถือและอุปกรณ์เสริม
0,11,24,35.03,56000,โทรศัพท์มือถือและอุปกรณ์เสริม
0,11,24,34.04,56000,โทรศัพท์มือถือและอุปกรณ์เสริม
0,11,24,35.02,56000,โทรศัพท์มือถือและอุปกรณ์เสริม
0,11,18,26,56000,โทรศัพท์มือถือและอุปกรณ์เสริม
0,11,18,26.01,56000,โทรศัพท์มือถือและอุปกรณ์เสริม
0,11,18,26.03,56000,โทรศัพท์มือถือและอุปกรณ์เสริม
0,11,15,34.04,56000,โทรศัพท์มือถือและอุปกรณ์เสริม
0,11,14,39,56000,โทรศัพท์มือถือและอุปกรณ์เสริม
0,11,20,26,56000,โทรศัพท์มือถือและอุปกรณ์เสริม
0,11,20,26.01,56000,โทรศัพท์มือถือและอุปกรณ์เสริม
0,11,20,26.03,56000,โทรศัพท์มือถือและอุปกรณ์เสริม
0,11,23,26,56000,โทรศัพท์มือถือและอุปกรณ์เสริม
0,11,23,26.01,56000,โทรศัพท์มือถือและอุปกรณ์เสริม
0,11,23,26.03,56000,โทรศัพท์มือถือและอุปกรณ์เสริม
0,9,25,39,56000,โทรศัพท์มือถือและอุปกรณ์เสริม
0,9,25,38.01,56000,โทรศัพท์มือถือและอุปกรณ์เสริม
0,9,25,34.02,56000,โทรศัพท์มือถือและอุปกรณ์เสริม
0,9,25,34.01,56000,โทรศัพท์มือถือและอุปกรณ์เสริม
0,9,25,26,56000,โทรศัพท์มือถือและอุปกรณ์เสริม
0,10,25,39,56000,โทรศัพท์มือถือและอุปกรณ์เสริม
0,10,25,38.01,56000,โทรศัพท์มือถือและอุปกรณ์เสริม
0,10,25,34.02,56000,โทรศัพท์มือถือและอุปกรณ์เสริม
0,10,25,34.01,56000,โทรศัพท์มือถือและอุปกรณ์เสริม
0,10,25,26,56000,โทรศัพท์มือถือและอุปกรณ์เสริม
0,10,17,39,56000,โทรศัพท์มือถือและอุปกรณ์เสริม
0,11,17,39,56000,โทรศัพท์มือถือและอุปกรณ์เสริม
1,9,13,39,56000,โทรศัพท์มือถือและอุปกรณ์เสริม
1,9,13,38.01,56000,โทรศัพท์มือถือและอุปกรณ์เสริม
1,9,13,34.16,56000,โทรศัพท์มือถือและอุปกรณ์เสริม
1,9,13,34.15,56000,โทรศัพท์มือถือและอุปกรณ์เสริม
1,9,13,26,56000,โทรศัพท์มือถือและอุปกรณ์เสริม
1,9,24,39,56000,โทรศัพท์มือถือและอุปกรณ์เสริม
1,9,24,38.01,56000,โทรศัพท์มือถือและอุปกรณ์เสริม
1,9,24,34.16,56000,โทรศัพท์มือถือและอุปกรณ์เสริม
1,9,24,34.15,56000,โทรศัพท์มือถือและอุปกรณ์เสริม
1,9,24,26,56000,โทรศัพท์มือถือและอุปกรณ์เสริม
1,9,18,26,56000,โทรศัพท์มือถือและอุปกรณ์เสริม
1,9,14,39,56000,โทรศัพท์มือถือและอุปกรณ์เสริม
1,10,13,39,56000,โทรศัพท์มือถือและอุปกรณ์เสริม
1,10,13,38.01,56000,โทรศัพท์มือถือและอุปกรณ์เสริม
1,10,13,34.16,56000,โทรศัพท์มือถือและอุปกรณ์เสริม
1,10,13,34.15,56000,โทรศัพท์มือถือและอุปกรณ์เสริม
1,10,13,26,56000,โทรศัพท์มือถือและอุปกรณ์เสริม
1,10,24,39,56000,โทรศัพท์มือถือและอุปกรณ์เสริม
1,10,24,38.01,56000,โทรศัพท์มือถือและอุปกรณ์เสริม
1,10,24,34.16,56000,โทรศัพท์มือถือและอุปกรณ์เสริม
1,10,24,34.15,56000,โทรศัพท์มือถือและอุปกรณ์เสริม
1,10,24,26,56000,โทรศัพท์มือถือและอุปกรณ์เสริม
1,10,18,26,56000,โทรศัพท์มือถือและอุปกรณ์เสริม
1,10,18,26.02,56000,โทรศัพท์มือถือและอุปกรณ์เสริม
1,10,18,26.03,56000,โทรศัพท์มือถือและอุปกรณ์เสริม
1,10,19,39,56000,โทรศัพท์มือถือและอุปกรณ์เสริม
1,10,19,38.01,56000,โทรศัพท์มือถือและอุปกรณ์เสริม
1,10,19,34.16,56000,โทรศัพท์มือถือและอุปกรณ์เสริม
1,10,19,34.15,56000,โทรศัพท์มือถือและอุปกรณ์เสริม
1,10,19,26,56000,โทรศัพท์มือถือและอุปกรณ์เสริม
1,10,14,39,56000,โทรศัพท์มือถือและอุปกรณ์เสริม
1,11,13,39,56000,โทรศัพท์มือถือและอุปกรณ์เสริม
1,11,13,38.01,56000,โทรศัพท์มือถือและอุปกรณ์เสริม
1,11,13,34.16,56000,โทรศัพท์มือถือและอุปกรณ์เสริม
1,11,13,34.15,56000,โทรศัพท์มือถือและอุปกรณ์เสริม
1,11,13,26,56000,โทรศัพท์มือถือและอุปกรณ์เสริม
1,11,13,35.1,56000,โทรศัพท์มือถือและอุปกรณ์เสริม
1,11,13,35.12,56000,โทรศัพท์มือถือและอุปกรณ์เสริม
1,11,13,34.18,56000,โทรศัพท์มือถือและอุปกรณ์เสริม
1,11,13,35.11,56000,โทรศัพท์มือถือและอุปกรณ์เสริม
1,11,24,39,56000,โทรศัพท์มือถือและอุปกรณ์เสริม
1,11,24,38.01,56000,โทรศัพท์มือถือและอุปกรณ์เสริม
1,11,24,34.16,56000,โทรศัพท์มือถือและอุปกรณ์เสริม
1,11,24,34.15,56000,โทรศัพท์มือถือและอุปกรณ์เสริม
1,11,24,26,56000,โทรศัพท์มือถือและอุปกรณ์เสริม
1,11,24,35.1,56000,โทรศัพท์มือถือและอุปกรณ์เสริม
1,11,24,35.12,56000,โทรศัพท์มือถือและอุปกรณ์เสริม
1,11,24,34.18,56000,โทรศัพท์มือถือและอุปกรณ์เสริม
1,11,24,35.11,56000,โทรศัพท์มือถือและอุปกรณ์เสริม
1,11,18,26,56000,โทรศัพท์มือถือและอุปกรณ์เสริม
1,11,18,26.02,56000,โทรศัพท์มือถือและอุปกรณ์เสริม
1,11,18,26.03,56000,โทรศัพท์มือถือและอุปกรณ์เสริม
1,11,15,34.18,56000,โทรศัพท์มือถือและอุปกรณ์เสริม
1,11,14,39,56000,โทรศัพท์มือถือและอุปกรณ์เสริม
1,11,20,26,56000,โทรศัพท์มือถือและอุปกรณ์เสริม
1,11,20,26.02,56000,โทรศัพท์มือถือและอุปกรณ์เสริม
1,11,20,26.03,56000,โทรศัพท์มือถือและอุปกรณ์เสริม
1,11,23,26,56000,โทรศัพท์มือถือและอุปกรณ์เสริม
1,11,23,26.02,56000,โทรศัพท์มือถือและอุปกรณ์เสริม
1,11,23,26.03,56000,โทรศัพท์มือถือและอุปกรณ์เสริม
1,9,25,39,56000,โทรศัพท์มือถือและอุปกรณ์เสริม
1,9,25,38.01,56000,โทรศัพท์มือถือและอุปกรณ์เสริม
1,9,25,34.16,56000,โทรศัพท์มือถือและอุปกรณ์เสริม
1,9,25,34.15,56000,โทรศัพท์มือถือและอุปกรณ์เสริม
1,9,25,26,56000,โทรศัพท์มือถือและอุปกรณ์เสริม
1,10,25,39,56000,โทรศัพท์มือถือและอุปกรณ์เสริม
1,10,25,38.01,56000,โทรศัพท์มือถือและอุปกรณ์เสริม
1,10,25,34.16,56000,โทรศัพท์มือถือและอุปกรณ์เสริม
1,10,25,34.15,56000,โทรศัพท์มือถือและอุปกรณ์เสริม
1,10,25,26,56000,โทรศัพท์มือถือและอุปกรณ์เสริม
1,10,17,39,56000,โทรศัพท์มือถือและอุปกรณ์เสริม
1,11,17,39,56000,โทรศัพท์มือถือและอุปกรณ์เสริม
